-0.03091599546483997,0.01938662561111934,0.001789446568358693,0.005325000332921158,0.002563803301058805,0
-0.02157012743313019,-0.001436506062811213,0.0002929109724660154,0.0008280238243899151,-0.015469226624064,0
-0.03485496622863042,-0.002429261148541845,0.0009064016976895158,0.002322923061822248,0.0007146898132045427,0
-0.03765573978106909,0.002304098258888783,0.01297584614162733,-0.0002000846718743614,0.009316306726679831,0
-0.02121714959082166,-0.005198267962959188,-0.005395263041085262,-0.002737915148720398,-0.007906561844744113,0
-0.01498866600091586,-0.002900412472548323,0.003282648239608528,-0.0002888255900627577,0.01267146535430389,0
-0.02191820290982739,-0.001904352360168803,-0.0004055844545343707,-0.001365678564454073,-0.01080288770752729,0
-0.0119167139956383,-0.001254463682959705,0.0003369506246337656,0.001003927695256271,0.004011160413395042,0
-0.0149586911263557,-0.00348562766509848,-0.0001588833054508481,0.005198008754151731,0.007462383412716335,0
-0.03592683774503953,-0.0004402169092192904,-0.002167169292787003,0.006568132855156649,0.03428239619689634,0
-0.008045226675469247,0.005791785815291447,-0.000464524371546378,-0.00185647328899939,-0.002778323217982603,0
-0.02232082280127728,-0.008934639962573106,-0.001879449794829095,-0.0002838233860731404,0.00625237784076407,0
-0.01233975544148106,-0.01721039153829355,0.002794545215397819,-0.00171120293350621,-0.001948351748096873,0
-0.003907789135713493,0.002166397838097256,-0.00452920270374218,-0.002222098379890934,-0.0002303345834922631,0
-0.01163419981699546,0.006951978126699359,-0.007881839211808558,0.00410449341132532,0.003515222541843738,0
-0.0285193627914281,0.007524102109239855,-0.007048036266230349,-0.003475117180420035,0.01931842950393415,0
-0.01962983905444725,-0.007700349280933595,0.001717912291602881,0.0005897141294123095,4.199386574713653e-05,0
-0.0295569382760671,-0.007278660424535678,0.001361257662365176,0.001986187179085626,0.009091235368277148,0
-0.03197670784133198,0.00266780999966318,-0.004200487174726531,0.006275644083520867,-0.007620174821825211,0
-0.01665818302255936,0.002963388231547022,0.006115111503307432,0.003473615447561525,0.00049059415572763,0
-0.02814070136248613,0.001708507521619401,0.000854973367972066,0.005778877829848685,-0.01179120296134826,0
-0.03601166771693957,-0.003747786490119453,0.003414551265753254,-0.000619776312147276,0.002166608593319738,0
-0.03715991912846704,-0.002502170714826851,0.001881231489146833,0.00031759995172107,0.004937904921356228,0
-0.02553485416227381,-0.004766466101113049,-0.003135823480217092,0.004567281449594934,0.001414734175168751,0
-0.0239643454346203,0.0001187087056814043,-0.005188258692364473,-0.0005977078416362061,-0.000204621954163503,0
-0.02860690999142605,0.006501003326175992,-0.001103219545968841,-0.005770429674314721,0.006497361913634553,0
-0.007461845770088507,0.002274550008100024,-0.00398823342596276,0.001383048519698925,0.003549895558994392,0
-0.03177362666474483,0.01263537113254556,-0.002445532943688314,-0.003292843500129768,0.006318262620836339,0
-0.02492152779515027,0.001068325748886897,0.007270003242787889,-0.009151648481114515,0.009509043213107735,0
-0.03385462758679622,-0.003884393645948264,0.00459911251096824,0.002982868621059295,0.0171248752220075,0
-0.02860541337000835,-0.0008839771269405191,-0.004416357972198654,-0.002072334308183113,-7.109454388901874e-06,0
-0.02500493139155149,-0.01124869740384892,-0.004405968256643912,0.001478337896639828,0.00640149383017727,0
-0.02393279217838218,0.004991146753031559,-0.004393850133260508,0.004126677662386122,-0.01031790694789133,0
-0.009987491750177225,0.01628010702196692,-0.009709310581739218,-0.000719239054519335,0.006122516861084533,0
0.004563399336562518,0.02070652647156544,-0.01960714243639961,0.00917310012047491,0.01520201630166339,0
-0.008739458316068744,0.003353301216085967,-0.004615737027722606,0.003273550566850633,-0.00605595745017394,0
0.00216012457096275,-0.00910794821468109,0.001058754413576898,0.00134227625107595,-0.003930694312770048,0
-0.00269851486885089,0.002117292013697458,0.000100885988544637,0.0008134555553377791,0.00822076347588982,0
-0.0381858226540798,0.007619729746098413,0.001611815314851288,-0.001482438047839378,-0.003668816880780263,0
-0.01360295433978199,-0.0104885071348001,0.008722207959422332,-0.004359961842685585,0.003219995422511001,0
-0.01311786392804731,-0.009433288357498282,0.008237646231414587,-0.002915243605090125,0.003182702866712705,0
-0.03204624791979206,-0.007864174907536456,0.003030267858861953,0.003505866695552111,-0.001471304788103519,0
-0.02025922739269997,0.0004979516394301615,-0.003114484363674898,0.004493891386524897,0.01074561227950092,0
-0.01357496956491852,0.009547230106243821,-0.003655150480621084,-0.001651678970583439,0.0009059734111262149,0
-0.008471194539755918,-0.002059113377411062,-0.002119720405200628,0.00288520433615167,-0.004899855654564281,0
-0.02918054009887944,-0.00120202792343312,0.0009560342241057872,0.003314625838921779,0.0001752862462571955,0
-0.01842851884922111,0.004678169767139028,0.002875701446562727,0.003272198418349987,0.009186675026221645,0
-0.02279743579526688,-0.01033661312971886,0.0005033955900647915,0.002632198962017767,0.01818365768089577,0
-0.02343932711570479,-0.006884624274530478,0.01044868843012645,-0.005523870293564813,0.01357061694317472,0
-0.01339634015753958,0.002284931113597432,0.000355249015722036,-8.045508716981889e-05,0.01307248131080138,0
-0.02293427494653251,-0.003019044878821395,0.004732746751290203,-0.003064608621486781,-0.01020802966201605,0
-0.03441795078804738,-0.01152557252679776,0.002647583235396128,-0.001824352642983724,0.01103888543478662,0
-0.0009734750191462472,-0.004897492395883507,0.003026528272885189,-0.005166597898116574,-0.001896622759435874,0
-0.02027809648782651,-0.001492043655593848,0.001293604035096861,2.638266487528865e-05,0.008617150583554176,0
-0.01861888711305444,0.01237232052227532,-0.004210296895311995,0.00147957172591038,0.003527730357054566,0
-0.0376695854855384,-0.02256138436205018,-0.0154578210167101,0.001977092481857055,-0.0004354668082541654,0
-0.0442801823202974,0.005178387281806197,-0.0004954992930886288,-0.004251776877516978,-0.02021610981872869,0
-0.01954272236966826,-0.007350609571390004,0.00105545166874196,0.001587190672818296,0.002448880497904688,0
-0.03086402083124494,-0.001431024602475285,-0.001640048452984657,-0.003905528536840995,-0.0002501251716986776,0
-0.005604699386957865,0.002719558437572137,0.003063048989518547,-0.0004968990108387343,-0.00256308634554045,0
-0.0419357250051391,-0.001432295789242209,0.02802227711237342,-0.004429976188993068,-0.004975643915766126,0
-0.005976992961453632,0.000921453593679007,-0.002401309884885758,0.0005919215357461391,0.008755610435345087,0
-0.01759531310362229,-0.01012513033543287,0.00308405952944487,0.003114102905559135,0.003068479453741259,0
-0.02883042656909564,0.0006400939748162061,0.002936163070152665,-0.001484139196345191,-0.003962719335609169,0
-0.006790222756989758,-0.002046105118098901,-0.002785386851691458,0.001571772407626788,0.003031778560147761,0
-0.01028077258368951,-0.007995292875904773,0.004699972043356524,0.0005915241948958438,0.003567984570528911,0
-0.02096136787117107,-0.0004930192487775931,0.003726991595933154,0.0002534951970863007,0.007436047725767904,0
-0.05067945544475988,0.01032944494886964,0.0005637919277231588,-0.001928316319460575,-0.003932214538762776,0
-0.02267991564125492,0.00260470732477152,0.001719199333328729,-0.0001898994689640363,0.00888365556676058,0
-0.03525337771383265,-0.01346513894830275,-0.0008026462743966822,0.001844873185313165,0.01733953632276913,0
-0.01891699243525367,0.01215739534560307,0.007337694352934345,0.002460072914445928,-0.001762053133640318,0
-0.02355587311667609,0.007480573722102634,0.002437506636217405,0.0004793251844490903,0.003896616628116883,0
-0.03599604532760264,0.006847067196010439,-0.009025148460082,-0.001598849906618822,-0.01720727899641454,0
-0.01076052256831435,-0.005612694526700105,0.005407081118370571,-0.003308074451163202,0.002229316237371048,0
-0.01304639909623244,-0.002413218614171485,0.002779669384482261,-0.002407014616234201,-0.006741086560125419,0
-0.0271195428135834,0.01323546288687769,0.00377400555569096,0.0001862063160253305,0.001604272055102826,0
-0.01702652508160363,-0.006720622961638972,0.004872114717055686,-0.001222681300414834,0.00457338409733717,0
-0.009967076777492248,-0.00121362387635996,-0.0007448972977648668,-0.001143841714824078,-0.003491726242954384,0
-0.02204159169221625,-2.069078798516482e-05,-0.001489778774419679,0.0006703387679248504,0.0007856041458021827,0
-0.0007796873288658842,-0.0009367029358171072,-0.002792533186079919,0.0006230450870324639,0.006661857878396613,0
-0.0310215275762848,0.01488704979381886,-0.001219030389823505,0.002829086129596781,0.01657807154474098,0
-0.01206650811654848,-0.003294731940604283,0.0004918768354076017,-0.0005481867784189798,0.003986458208299369,0
-0.01126359925120948,-0.003944553526330367,-0.001215589045016935,0.004026834576312886,0.000751027275678502,0
-0.01614285926923417,-0.00312159677524042,0.0007364576520549884,0.001424044969504906,0.01058932746151177,0
-0.02100271632633605,-0.00143923153657041,-0.003230905827636808,-0.002996486117171237,0.0005635522339719039,0
-0.0384426034798422,-0.009765435897643459,0.00154154288488809,0.005474880608235165,-0.00259699595460715,0
-0.03233268236034223,0.0005650085237377475,-0.001048904683879579,0.0005466443931894023,-0.02800356625524162,0
-0.01402716738663194,-0.006616954391151553,0.0002915450599395466,-0.0006774275576842974,0.0003161557240942538,0
-0.03238544885659266,0.003354829294042993,0.001606426432907632,-0.0009629445773785686,0.006823118930079267,0
-0.01259936873488442,-0.005916637165783406,0.01045052730449062,-0.004663742410316337,0.000263908162071306,0
-0.0185031264549442,-0.004199414529154087,0.004747896507109718,-3.924607321550456e-06,0.01162337912485532,0
-0.01448192830777327,0.006267698366942078,-0.004940613944277502,0.003068603171028881,0.002253761867050559,0
-0.04129457014678828,-0.007508161142354469,0.001792091997135473,-0.002404535793676608,-0.03447837449950759,0
-0.03871551925341619,-0.006192316379818168,0.0002970510063313083,0.007688407288717438,0.0004274384622244098,0
-0.01696713763743663,-0.005261713432255108,0.002603329141477023,0.0007238021259553112,0.003187432703210586,0
-0.003408423181939231,-0.00331149823894654,0.0008613071269737292,0.001478078874260846,0.000284803871296472,0
-0.01037814150769097,-0.001536571022490898,0.001403651449171607,0.003585313101979031,-0.01018886121883998,0
-0.008539532471371562,0.01383636929416261,0.004916893200241591,0.003302588345845688,0.009364310140635664,0
-0.01918650628390724,-0.005676802675732394,0.0008522067579574324,-0.003495594304530838,0.01320957908580075,0
-0.0001137134173631518,0.006343082498657386,-0.0003092435542911859,0.002176507265942859,-0.001314345594399807,0
-0.02428374669051905,0.001117195021682905,-0.003668771553877646,0.003843013246937123,0.01028195537186423,0
-0.001737580624415101,0.004520220667577683,-0.0002943986911321758,-0.003855092715511847,-0.004210220534145504,0
-0.01853140098094408,0.001211907489086223,-0.0081091079966506,-0.006005672815351223,-0.009501103725076461,0
-0.02153074412554242,-0.008537690951521185,0.002044632185922471,0.005555392915044079,0.001135564215176945,0
-0.01588970124963726,0.0009310625423025588,-0.0002715096029088305,-0.0009760253944439162,-0.009909376891270078,0
-0.04084772637471367,-0.007798224863606797,-0.009745193416736846,-0.003932014817503025,-0.02540915530785459,0
-0.03437346230030795,-0.0009626121102941226,0.004393706423593205,-0.0004858054238796737,0.02096787694103992,0
-0.007056198324729489,-0.00196232810546187,-0.005210616394237334,-0.002313435664108107,-0.001452216805876255,0
-0.01022834097281129,0.003508348589163128,0.003583460788568154,-0.002138340641849647,-0.00113396228518801,0
-0.02304166185695284,0.01490721514412459,0.007373211442949847,-0.000130955247863467,-0.007658938310687901,0
-0.03168886143493409,-0.01311492294273701,0.01864658279287063,-0.006718486957353159,-0.01692245799212004,0
-0.0144853318614185,-0.006637678095619621,-0.002685486235962564,-0.002402685906952385,-0.005056262404411729,0
-0.02754982274925481,0.00539116481200246,0.001566492585945236,0.0003948375809313545,0.008648397999137993,0
-0.00370150954939434,-0.0007800212923965199,0.0009507617130207892,0.003338941485474104,0.00483309248761144,0
-0.02977020211137892,0.0008187982778642283,0.004317216093856748,-0.003177860490872275,-0.003871608495449884,0
-0.02901075702907381,-0.00797052001158538,-0.003172979397070609,0.00298238485912317,0.002152246927096069,0
-0.02594567683230811,-0.007080365234282582,0.007391054238914108,-0.005810509422043772,0.00996036314709834,0
-0.01379676591189373,0.009222026697537198,0.003176512498656723,-0.0005557848408064611,0.004732842640345764,0
-0.02148617871444173,0.0009628773875199507,-0.003996426184553108,0.003988513280640492,-0.001915858505909863,0
-0.02532362930279661,0.004652233825671009,-0.0008165210251593481,-0.002327793351104003,-0.009661891342746604,0
-0.03674497813664614,0.006077677635657593,-0.006937966948568098,0.009469211585828559,-0.009308557711893985,0
-0.0197342774656427,0.004331145308286256,0.007863661594438657,-0.006691046259942994,-0.01547487975023278,0
-0.04004329434605725,-0.007462408071050463,0.01443351173386101,-0.004437114913753948,0.004338084225728366,0
-0.02277109221140477,0.0006952048793557914,0.0005904949579830966,-0.001566863618896235,-0.01100788127559263,0
-0.03315448960993624,-0.006123010837646208,0.003369517254929045,0.002057278094147698,0.002518408727475315,0
-0.04428068442140522,-0.007384134840477657,0.001405448646564665,0.002880946263045003,-0.0004735894239753997,0
-0.01616711039307823,0.001562196405218768,-0.001159855455324921,0.001670708356157733,-0.004644145480257668,0
-0.03170102375846625,-0.006367161431795955,0.008905480591046178,0.0009186150895725835,-0.008384820576942665,0
-0.002044508690688802,-0.002305466743135831,-0.0001227334836496647,-0.001290940819473834,-0.0005286948903539402,0
-0.02854230523046125,-0.01107838867285378,-0.01191596664051943,-0.003528230843792461,-0.001186325122352171,0
-0.02321836811541562,0.01074828973061575,-0.0002885105562092441,0.001736084970723248,0.004683646448636737,0
-0.02917840423644697,0.0008127721347746383,-0.005816722449512932,0.007675608212258472,0.002314964596250381,0
-0.03355697040437337,0.005012608052541545,-0.006268977275165144,-0.001806762219117749,0.01800424935124754,0
-0.02876129718880024,0.009150607317859313,-0.002074623182456583,-0.003243111916793407,-0.004100100425927986,0
-0.003038924140576435,0.006869970255523133,0.002120341288575452,-0.003766510651331553,-0.005654143505152031,0
-0.01453342816994713,-0.004775845555888818,-0.005556424327871845,-0.002723874674432766,-0.005297633783624135,0
0.0001725434481451666,-0.0004775987280666678,0.001845151821690877,-0.0005475176556981702,0.0004567514809188928,0
-0.02212088916210215,-0.007005941131833504,0.001996253939085615,0.002464297245325356,-0.004864296539213219,0
-0.02624718816950026,0.01705513513615001,-0.0141472123180832,0.01143722766426967,0.001507114836458117,0
-0.0286662217678295,-0.01004341332917452,-0.00876603275834143,-0.002454854495573033,-0.0136811449496257,0
-0.01524031593746938,0.004971518422614,0.003522683715652051,-0.004675823222309985,-0.002140092833727872,0
-0.009300157810195792,0.005321781273424842,0.002750153117198101,-0.001022656271585866,-0.008087723389129444,0
-0.03711990146301682,0.01505300328079575,-0.001681146117530748,-0.001698058729831487,0.006734785585177701,0
-0.03118536727991026,-0.0100615126818171,0.009144274719029571,0.00102785458880556,-0.008417274944341673,0
-0.01208878542573256,-0.001315773418458673,0.001235730710535593,-0.00179419194126491,-9.502253001952507e-05,0
0.00898242174739332,-0.001571039565994133,-0.003486686695449323,0.0002949698336592805,0.006089078194779901,0
-0.03774761824873613,-0.001854689265826328,-0.0009080046981034921,0.0009933688737766351,0.001567526856099133,0
-0.03231436256141065,-0.003987532506536635,-0.007875791246184437,0.001680089920146007,0.0108463962880475,0
-0.01706555363678504,-0.002102300848918123,0.002962389336605976,0.0007335833232424995,-0.001285322767694299,0
-0.01522863773692989,0.001277416411803617,0.002155855351443376,-0.002760326208137123,-0.01197301438548872,0
-0.04795827985327773,0.006900512843791133,-0.006410074715657131,0.00624347977505775,-0.002763340858870235,0
-0.01847574808048274,0.003260488024424314,0.003054192203746763,-0.002508500765724133,0.006071677580828807,0
-0.01197586697092718,-0.002116980362074504,-0.006514225701592579,-0.002320129979299777,0.007420126806399203,0
-0.0125042873681452,-0.01165545167740822,-5.673006329511986e-05,0.003543727294825933,0.0004981639539990243,0
-0.02764854345460503,0.003960946692314894,-0.001802913919572426,0.001122001201199465,0.00956800814900146,0
-0.02893977620759761,-0.003065902171548783,-0.0002800004153444809,0.001819468622059361,-0.003105419772267146,0
-0.03803911364730847,0.004788452703506762,5.743218375910304e-05,-0.002794388904103145,-0.009786600844719625,0
-0.0350421694451746,0.006224786481664644,-0.0001979039404245176,0.001204839209543694,-0.007821795953458397,0
-0.02039520312033226,0.005221684547942661,-0.002797025336641537,0.000714070972953756,0.008053227719058904,0
-0.04172895806104152,0.002192770342530515,-0.006218898263932574,0.0005869764615965955,-0.02410553485617699,0
-0.02754902627865234,0.003323455530732008,-0.0006835436275581029,-0.003794647562997675,0.01327762647146031,0
-0.01865251944497924,-0.003722870617978716,0.002554452116315184,-0.003555994131338908,-0.01639763850208639,0
-0.03815365623244921,-0.003611359948938802,0.002630145222597585,-0.001321349879361352,0.006144301924194591,0
-0.01441758113915498,0.01145586889529181,-0.005919734397058793,0.008598387010146613,-0.0126959775284905,0
-0.03443300132683671,0.01337343241141567,0.002874650391550289,-0.003554321741327689,-0.01573088761608999,0
-0.03084283156247619,-0.01071554101883694,-0.00584942957999476,0.005614659174609914,0.001613698243726824,0
-0.0183396531438805,0.002182444678746307,0.002643729992186147,-0.004329737049211424,-0.01484721806926469,0
-0.02719592105119388,-0.001756948188284748,0.004163847491084895,-0.0001262369859186094,-0.01377151701311043,0
-0.01366217712631429,0.005454837527618909,0.00749967500259339,0.007826418393272239,0.02042225916599902,0
-0.008440713231019897,0.003884498186340608,-0.003275863960314901,0.004470274831044572,0.006471561578532669,0
-0.02637426880372488,0.003010987448190479,0.005395784867583738,-0.006892226554271417,-0.00369083563133271,0
-0.03280678850785178,-0.004338278693307363,0.009219399402910876,-0.001646527353014949,0.004934773024020781,0
-0.03961463547915046,-0.002922355257824407,0.001775002167738059,0.005704317599487833,0.00635684668429525,0
-0.02882357588334084,-0.002828323497764081,-0.008678946953998533,-0.004944727886415761,-0.002256307356107659,0
-0.02051094237915656,-0.003559193441361332,0.000938309223951408,0.0009024159655991814,0.00147809456849046,0
-0.008955827318075135,0.00314635980789598,-0.0009639111124908539,-0.002504634452693918,0.005405905310889469,0
-0.03441456744270535,-0.003453381139580242,-0.0001694933416457145,-5.031763963139714e-05,0.007484657186685675,0
-0.01488966635239972,0.007000703638690951,-0.001677899236473053,0.003677933027604959,-0.0007222169428588481,0
-0.02886098976685919,-0.0002444898310571748,-0.00126929620293483,-0.0008134757674320156,-0.001296479170695893,0
-0.02579953961117597,-0.002436338639887696,-0.003187903876853851,-0.003384769444265937,0.0008911826553950512,0
-0.01688132144892513,0.000908052661446699,0.001937014879417331,-0.0009194417229856371,0.003351998639833901,0
-0.02123386883936521,-0.0004986528311184174,0.002672588318260039,-0.0002235798257188061,0.001331044907979693,0
-0.004984851647078598,0.005502793846694809,0.002519144241621761,0.001937042247434853,-0.01012509141976448,0
-0.02928375599086484,-0.001633908093753395,-0.000864780208921843,0.002138954055717505,-0.0008491429408928778,0
-0.03006116997824453,-0.002717748364250607,0.0003752911187172438,0.004592543727139232,-0.002643373965448322,0
-0.02288398022448597,0.004857601575520258,0.00236547529715647,-0.003437727044783261,0.0003798401861593345,0
-0.03045317910732201,0.008164922555258931,0.0002120391802543781,-0.00477187911698414,0.004184191428437316,0
-0.02903366482849993,-0.0005039191816511301,-0.008727971375259097,-0.004055012630936341,-0.03281023447527234,0
-0.02764658340404914,-0.00826532070160094,-0.008000723805882116,-0.00220106769759474,-0.002073186528362555,0
-0.008899779631139236,-0.001984704867033536,-0.002255566720409372,0.0004793408174189203,-0.0006875303238464126,0
-0.03558732572025784,-0.004344493513885531,0.005237711932846188,0.003437496060945222,0.005211772549053186,0
-0.006558805428663451,0.005261213187734445,0.002475723085609564,-0.003195456397612418,-0.0118458454921468,0
-0.0179879254361439,8.420875343365152e-05,-0.0006966226951820185,-0.001963697334686352,-0.0003850839378328401,0
-0.02334120841867035,-0.003816789143884703,-0.00110261445787246,-0.001741991654174405,0.008192293388073459,0
-0.02810101231502431,-0.0009121442250095389,-0.007429532563463579,-0.0008367371340138156,-0.01169060575393137,0
-0.01736800014595064,0.001692537571343373,-0.008343027720192934,-0.001748285433777943,0.007314669698179114,0
-0.03604776709540796,0.003365146152702754,0.0007745627243583506,-0.002630012376088012,-0.02721762801474215,0
-0.01880740307422738,0.002570041850849808,-0.005819653795319893,0.006267358651225707,0.002689717441883971,0
-0.01765513227776472,0.002325402626989014,-0.001591614347862394,0.003556968438098924,0.008759450510676749,0
2.618449084592451e-05,-0.003257998638640841,0.001621374488411626,0.00134783686433214,0.00331009642448337,0
-0.021453389834164,-0.004479166593707776,-0.002043100080299358,-0.003085382960889962,0.001521443607158419,0
-0.02390971134528031,0.002502007754347945,0.007008516826915384,-0.01078053361978231,-0.00363685504626583,0
-0.03388898256863342,0.002311567591249124,-0.007189522111850671,-0.002841427164315529,-0.02716981550452141,0
-0.02124743238627868,-0.0002490612462125895,-0.001509990389995886,-0.004154320435970382,-0.006702576408920472,0
-0.02539334663428578,-0.01461920235342329,-0.004669555259465074,0.00194828688913215,-0.005159663395762839,0
-0.002496567204658204,0.005410897606142019,-0.001585556250921849,0.002236415974361329,0.001594872984795271,0
-0.03846867855918996,0.002264829097327807,-0.002895097143079259,0.0005774573994059102,0.01412833140160354,0
-0.03541441403657493,0.01202308107799564,-0.01082742865648233,0.002229121414981259,-0.007058748567174837,0
-0.04209158144576477,0.001226119957244343,-0.001220238863663881,-4.33746740862162e-05,-0.001575025553507329,0
-0.02723892936227373,0.0037500990343761,0.003594893857539698,-0.003482588140761788,-0.003545326937051274,0
-0.009003986421164938,-0.000133111618936279,-0.002248449624413254,-0.0005709823623823315,0.0001107505461012513,0
-0.05468682012783006,0.008059811385218543,0.01118001084921205,-0.00810107938086242,0.003727276258120535,0
0.002075303683046331,-0.0003087446515315628,0.0001871586344361644,0.001682188297464459,0.001531331275206171,1
0.01841358297777006,-0.005243693092972463,0.0006717927572587755,-0.002525316298792135,-0.002815013267619055,1
0.02293967389510556,-0.004588693618223054,0.000365082912626146,0.0002164506984196555,0.002626343011177758,1
0.0174387442861064,0.001407637818065462,0.001025676787723018,-0.005124266647079479,0.001725438491510001,1
0.03049378627905487,-0.00287480479710267,0.003583155732209093,-0.001233336205834943,-0.002427171870122573,1
0.01201165047520853,-0.001165204862161537,0.002068397754610661,-0.001703519716921923,0.001864570555076367,1
0.002805457667969899,-0.003126573061732555,0.001278919915175901,0.002004081307267834,-0.004445340784821107,1
0.01514175638546574,0.002697229350203435,-0.002876554900990561,-2.646830270933587e-05,0.001115899074163851,1
0.01384280742326468,0.005576742626394528,-0.003829825433901415,0.001201896610310102,-0.005259768156650226,1
0.01379159601864838,0.0001143011149269571,0.0004761968569738735,0.0001052141807653797,0.0008125101678310529,1
0.009134035391983866,-0.0009115658690286433,-0.0001316877315821496,0.0009459799324914401,0.002056863262934631,1
0.01513355815960976,0.00235104554066187,0.0005948619571454136,-0.0006018298666708253,0.001383068179618679,1
0.02429772378518773,-0.0005041538080663055,-0.002360901102518835,-0.001235696533335896,0.003826371151665607,1
0.02202915339328478,0.0008399354458271178,0.0007460416603858537,0.00223863123725188,0.005629713989048239,1
0.02412032160684489,0.002432954442321607,0.001827289853454514,-0.001586366178275049,-0.004954219396377859,1
0.02181218415593498,-0.002858204593759729,-0.000587597215939093,-0.002993621090871276,-0.001402835225441097,1
0.01626814273122071,0.00399717150853766,-0.001062890170426204,0.001111054348995165,0.000496926152907366,1
0.01250897674949856,0.0004234038008482472,-0.0002059828894750669,0.002757568250122678,0.005196766905976759,1
0.01098660364664284,-0.006836290939737092,-0.0003657908199567088,0.002818437861094937,0.008653324933544804,1
0.01426040663745396,0.003129133519081894,-0.0005440039627858488,-4.802313803278779e-05,0.003433232996072314,1
0.02862651822018007,-0.01076055168561031,0.006047996209498132,0.009255340264013675,-0.007217882156994353,1
0.01140509580164898,-0.01150282799194319,0.0007836775556053503,0.0005122432368819362,-0.002593218190248283,1
0.01078324102402952,-0.003076496960741209,-0.001385896391702468,0.005489241695138156,0.01094644365667073,1
0.01402270407944658,-0.001810124027782755,-0.001746866988558283,0.00120519051173613,-0.003792001033059433,1
0.00804193520623764,-0.001152861675210087,-0.0004848566132764208,-0.001058820301991667,0.003701403763991687,1
-0.01055786958952671,-0.008394747634400613,0.01533717688251889,0.0004481682437813875,0.01162913188025224,1
0.008634891499226043,-0.004682315028834518,0.001301151823020804,-0.0006355411086620213,6.868817788545801e-06,1
0.001358435496943862,0.003873416871657996,-0.0006641548578603851,0.001128368125325863,0.003522096085385527,1
0.001672639246255981,0.002787995260277835,-0.001571060430240096,0.002442161345917554,0.003321338618296749,1
0.006696958021375172,-0.001008093699183599,-0.00318887484593117,-0.001576174187784125,0.0002702241834084088,1
0.004571903156748712,-0.01071186093356119,0.007008208643620896,-0.001921581060845173,-0.004815465341465722,1
0.0101548504415627,-0.001853361015005708,0.001304673265015521,-0.0005227414068941256,-0.002047257222592974,1
0.01578162567908335,0.001365848512808167,-0.0009112642409376086,-0.002600232925159329,0.005742073581894691,1
0.01823866798825438,-0.00474440439191205,-0.002252288392181563,0.0004798097003254148,-0.0005881768422561494,1
0.01248408210361937,-0.001758849155416133,0.0002155890271699578,-0.0006913142608087484,0.007501104431207099,1
0.03654743240017811,-0.003946716435275883,0.005382695202869227,-0.0019691003019732,-0.005955845604649523,1
0.009931082022716597,0.000555708475644884,-0.001650013714623531,0.002115652410950643,0.001742385720709421,1
0.01754788036111329,0.0004871566418110111,0.001304292961484053,0.001257212958741328,0.001080653204131748,1
0.0233251705765113,-0.003439569687828413,0.0001039787366465862,-0.002513413471427174,-0.0005462793092585801,1
0.002806218372811085,0.001093699486224023,-0.0004601208672437899,0.002274872926536103,0.003381540266691434,1
0.01658736486038013,0.0006058996394544981,-0.002023685283684272,0.004450059012346512,3.723120719527259e-05,1
0.002751409093022466,0.002806631161762216,-0.001007500974277239,-0.0004149993445234617,0.01122867905834561,1
0.01494069515945119,-0.0002855191230840041,0.0002799908023210606,0.001408492781909808,0.00285584245662293,1
0.004068317654185203,0.006543195812348971,0.001803112590127182,-8.655657091206483e-06,0.008843329087037406,1
0.01009048280627492,-0.003471905160095395,0.001819954555627937,0.003322360328283684,-0.01118684041825308,1
0.02297029044277123,-0.002873175220667775,-0.000982417578432557,-0.0009436730673167939,-0.002698605887739359,1
0.0209780507981387,-0.0009014062960527747,-0.004474041722001288,0.001470127322639903,-0.001378509046066726,1
0.009696591450502941,-0.001095224153681025,-0.0004519649815753416,-0.001639855776678617,0.004519686112828963,1
0.03500254535201074,-0.005396661605415405,0.003116327969564839,0.002192134838888765,-0.005715869534148739,1
0.01451458059605772,-0.004372350334603671,-0.002086919115249143,-0.000796438425825965,0.003669800054586388,1
0.008071617473000817,0.002503059955445545,-0.001204518836650155,0.001009973999694166,-0.00183607697777268,1
0.01454697183518933,-0.003417659799259376,0.001126913890475586,0.002173404262544857,0.001380631874451154,1
0.01440005493483184,0.0009991864750957145,0.001601486473100013,-0.003326806086432934,-0.003537882768215843,1
0.00472400468244573,0.007309980222328428,0.00598718308814661,-0.002250761313375607,-0.0004011631766217425,1
0.01469499726399862,0.003107479794131723,-0.0039358569172787,-0.001031713742749334,-0.00261063181183666,1
-0.0001362641723886139,-0.002715911528953369,0.0003482159647641048,-0.001251760981582111,-0.004370335577553151,1
0.01322368498503003,-0.002578102181934733,0.001393880804252116,-0.001018239764641205,-0.002329588533870626,1
0.01960922795133491,-0.001790652268873762,0.0004571634861459616,0.001702017498466788,-0.002751130815303864,1
0.02062785460301285,-0.001022626814299562,0.002538989910073028,-0.002316479987200269,-0.003848651360408627,1
0.0294987373238394,-0.0008639286617764985,5.778404280175797e-05,-0.001302747404483255,-0.0009489381721699313,1
0.01793098102626095,-0.001442553939476591,0.0001499096031401189,-0.001531046527158936,-0.00356757175688264,1
0.008930887058454915,0.001896709078286435,-0.002906904124216152,0.000429058831363414,-0.002627882847793772,1
0.02514314654829829,-4.158611398932897e-05,0.00180498446547394,-0.0006682913690543634,-0.005426931368821687,1
0.01679171037281338,-0.008055238413408349,-0.002484391045767926,0.0005881826792154946,0.004959804408338296,1
0.006092948947926433,0.0001190228716968144,0.0001773569903290827,-0.0005050130520401378,-0.004486027451149149,1
0.002996658120291426,0.001835805076911586,-0.0009957111600077905,0.001687929676012123,-0.003686175744856982,1
0.01532689751227611,-0.005775031624517463,0.0006978284864774809,-0.0005458692827593748,-0.005188091364280463,1
0.00921379701911158,-0.003058696740193552,-0.001776207367839332,-0.001058425591773856,0.005820416730177998,1
0.01146060350935918,0.003719286317932054,0.004803229575353106,0.0004526623776082914,0.00723853507783521,1
0.01975801650779485,0.002424278193498787,-0.003766761061608161,-0.003387760699520176,0.01351406706427662,1
0.01880721331822788,-0.00272051135635461,-0.001765450327049544,0.0004928273151246056,0.001766918321380714,1
-0.001504014302674943,0.003915144018109583,-0.003455503364143527,-0.0001766410759445019,0.0001432661971365218,1
0.009403520593301969,-0.001499253205800636,-0.0001434102690497495,0.001207274196936771,0.004339905340806445,1
0.005772931182755348,0.007094356413659033,-0.002102896965286745,0.000144836454063419,-0.01040023998398331,1
0.01737984937057046,-0.0003568658446749383,-0.002732401495060858,0.0005263290911641411,-0.001913897740310416,1
0.01951990922166095,0.00185426212823239,-0.0006643584019880384,0.0007983417488370988,-0.003541553142484367,1
0.0104759067661361,0.004714144026403832,0.002419279562514967,0.003898570124841209,0.002309812358601508,1
0.007740034393776385,-0.0007837132283359794,-0.001165870260414705,-0.0001412288504974923,0.002348552229891527,1
0.01245598181236259,0.004223053441138194,0.001626107279892767,-0.001269832782525342,-0.006701418992630478,1
0.02618794349086855,-0.001668961582229387,-0.001180107344205852,-7.404832191291598e-06,0.002525664494688889,1
0.01154828792742122,0.001763879272323897,6.116903195877051e-06,-0.000747119343257524,-0.001381855080475068,1
0.01225396565538706,-0.003561795039821319,0.002944094920147449,-0.0002681093367613812,0.002096340343377194,1
0.01811749882945093,-0.002732171066105037,0.004889356556804991,-0.003104381069082186,0.005586165763455097,1
0.02568112892450749,-0.003877838839636753,-0.0008966114760164123,0.0006191825671035757,-0.001785268581984907,1
0.03284183725897708,-0.003145736460766306,-0.000389042562211986,0.002266768261423932,-0.0005774005546448864,1
0.0148682460095935,-0.006759494336294485,0.006495905355955263,0.0009769212405205088,-0.0009166871016478141,1
0.01862702637976603,0.003535309454146401,0.001031181117359825,-0.002010914520841263,-0.0004310837121059487,1
0.01763989489755103,6.936425248179647e-05,-0.003279766150911584,-0.0002238065101142818,0.001337846154341924,1
0.02286144377402011,-0.002807878422082773,-0.002442779696345313,-0.003710346412329571,-0.004399767067009145,1
0.012731489989761,-0.001794507686734902,-0.001074936710612566,0.0002054611757939531,0.003099277072598344,1
0.01120724334274412,8.738414316812994e-05,-0.0005101157856314421,0.002089289177536165,-0.001974369931195707,1
0.0160457753194506,0.0003258541934116638,-0.002515034097449382,-0.0004498929002108899,-0.0005520971548059885,1
0.0220611539590601,0.001296328223520217,0.00279508938351109,-0.0004593531402815316,-0.003734139382737787,1
0.009786914360743578,0.003075575208467901,-0.005665811289997571,0.001255983626658899,0.01114740899897257,1
0.03552649713141001,-0.001776738483050982,0.0009242649928964202,-0.003786514070162748,-0.01044965471960452,1
0.01305063475168215,0.001149376420896331,-0.002311742467211727,0.002026266929805762,-0.0005830988971650981,1
0.0007543222534218448,-0.004751929940655385,0.003127676072108048,-0.001376117340701334,0.008099861444158583,1
-0.0002831869914643141,-0.006460913839783034,0.003734108097570123,-0.002010719499950036,0.001638257997927012,1
0.02307950535272127,0.0002791587645013943,-0.001486966537066949,0.003639559853287907,-0.002268103994923566,1
0.00109133803551491,-0.000140887545693906,-0.007570726483270989,-0.001251259258761118,0.004712199034834647,1
0.004053021048519394,-0.002044790953801113,0.002810581518823711,-0.002214498386671605,-0.00449630699550125,1
0.01610994348141434,0.0008455260562775849,0.0004736890582970473,-0.0002976940664285156,-0.0009200824350288028,1
0.009219632995982288,-0.003951957471316606,-0.0006858270560333956,0.0004373149657630952,0.0008323410463302797,1
0.02215831764734608,-0.002941073208280352,0.001318890591877469,-0.002274341510653988,-0.001099584747889697,1
0.01365616308604829,-0.0002375979908832509,0.0009108424133059696,-0.003611573946890117,-0.002232143394854415,1
0.01202658802035604,0.002846612857781523,0.0003666093899197185,-0.001006540111496721,-0.0001662552338696502,1
0.01983504458075671,0.001169424937582694,-0.0001864852134471699,-0.0006660699164964486,-0.0007009661362877735,1
0.005217031771907636,0.003013586000256419,-0.0008329723841968991,-0.0003020619704131028,-0.0008362246242377472,1
0.0006884243368035685,-0.003153036602601872,0.001326322714573723,3.647992042674943e-05,0.001639596613229809,1
0.02562184847636386,-0.001571497869064993,0.001830821644305191,-0.001647319123346292,-0.007244341373160821,1
0.0084490310550325,0.005812814699797696,-5.8981822355786e-05,0.0009611262030655846,-0.006659005765417952,1
-0.0002310426789966253,-0.00599367801152081,-0.005214728402605747,0.003576202436396878,0.00399607077441668,1
0.01973608737385054,0.00502906696080882,-0.001255466892949872,-0.002181613175601543,0.003594158176418982,1
0.01073544329440937,0.004441286428794388,-0.0008444186033156581,-0.0012561500521756,0.002506038754798616,1
0.01488116344264183,-0.0004854421248019998,-0.001758911675134239,0.0003044150357845126,0.003216057730724161,1
0.007117681892771092,0.003522987464393763,-0.00169860736770434,-0.0007992254063270076,-0.002715288800421922,1
0.0001153173741824292,0.004219055586718626,0.0006340897958630272,-0.0009869874225864645,0.004406721316802591,1
0.008596883606876477,-0.0002235426587397869,-0.0007598603161090749,0.001408468084803596,0.003406002929884316,1
0.0210805380609686,0.002172667389320191,-0.002289722949951072,0.000413261611414968,-0.001549881744959112,1
0.002802594095515996,0.003452605830180066,0.002731444363859503,0.003261724676976218,0.005229407518654954,1
0.01143501143913669,0.002738215816326554,-0.003537619644381015,-0.001452479613257079,-0.002530042055498701,1
0.002417577273234147,0.00062008650790453,-0.002323665858944676,0.003256457473421425,0.007651011163784791,1
0.01243256256591057,0.001981992964959948,-0.003931904399511072,0.001402438732306697,0.002126782645331395,1
0.006099156016673116,0.002115684271247274,0.0009542578569058024,0.002339570053892826,0.000127520918382593,1
0.008165953041365881,0.001758480258740101,-2.939131904305795e-05,-0.001916666541980045,0.001898023694980261,1
0.01484280019089751,-0.002344741999849511,-0.0003741268409480762,0.002668908119018791,0.0004784096647881115,1
0.01316515487002229,-0.002024137218454161,0.0002291072654281435,0.001241764484497778,0.001411714307308746,1
0.01643427529961194,-0.00489929969268391,-0.0003025379224344976,0.002637957548926602,-0.001036197994323871,1
0.0135855798750388,0.007766906311764045,0.00153358295483237,-0.0004722211842175484,-0.002293681430135095,1
0.01218733907874585,-0.0001110170677256165,-0.00331716614771812,0.001375300486922261,0.0005000502335686573,1
0.02230747885017347,0.001428187808106758,0.003621773072653272,0.000552200771959244,-0.006686139228084669,1
0.01930214047470637,0.005566841301627736,0.0007470134684793069,-0.0006803947729221889,-0.004965311895804712,1
0.01862172113521402,-0.002252632946097455,0.0009599059499331672,0.0009303906638748131,-0.002044069230578531,1
0.01439149038000619,-0.002849724809090311,6.741554453194664e-05,0.0005405824640890986,0.004133474379903323,1
0.00168166857637088,0.001409127738057338,-0.003586348165824624,0.003012018348552801,0.0175939471253201,1
0.02209086459882013,-0.003411640286953539,-0.0007262616859913702,-0.001479846745433282,0.001522791188656908,1
0.01147356340392949,-0.0008541524228039034,0.0037990621626403,-0.002422621892518274,-0.002252093433622108,1
0.009526174738719967,0.001425912601804257,0.0004523991861711601,8.794021944264017e-06,-0.0001664836963636757,1
0.002773101217976962,-0.001097543817412207,-0.001414523104104583,0.0001412051940919996,0.009308908512272628,1
0.01724570583129199,-0.005232863950746789,-0.000742334517440945,-0.0001373227195856366,-0.005443910733138893,1
0.01988488083386947,0.0007134161475858538,-0.0006284625054917641,-0.001737085948946096,0.000535183084453943,1
0.0104875085201105,0.0002600336979586863,0.0004537408735707216,0.002300902910449353,-0.001431726834963069,1
0.021358062469167,0.001055554132287921,-0.00164897526838015,0.0009054463603775642,-0.003524120444875341,1
0.007716338270548754,0.0001423075485200188,-0.001691115429462982,-0.008816422437745868,0.003662189546389696,1
0.01183421753306671,-0.0007840432354621167,0.001655671223458082,-0.0006736593930499008,0.001727027381713314,1
0.009565347500510354,-0.003938340372012335,-0.003896524451343972,-0.001722581894273756,-0.006678920602665992,1
1.095523538982896e-05,0.00730840059853903,-0.006661651639158214,0.002778318190194174,-0.000710912520346343,1
0.003628403035808188,0.008545862877588489,-0.005644418627563737,0.001899495838236571,0.001574349584519208,1
0.009672066040234361,3.967311277705944e-05,-0.002242726508802295,0.0006588573652046366,0.00194933612133095,1
0.02413389347703354,0.002946443755687161,-0.001319413023364397,-0.0008094470846727606,-0.005216645756118956,1
0.01830783093702298,0.002520503448825523,-0.002637345187157677,-0.0001240462757517151,-0.00438812732002374,1
0.03095619298223655,-0.002667672624193987,0.003196764613638161,-0.002543253364192686,-0.00239089808217696,1
0.007943915941947328,-0.0007541299530295883,-0.000888811296070632,-0.0007298535028622893,-0.001293872721052247,1
0.02143011336693212,0.0009234398465758119,0.002055477298323192,-0.0009698710525179708,0.00698611687104831,1
0.01595055377118118,0.005114820103780213,0.0006616145778298803,0.0002964123718120757,0.001130462254134807,1
0.02271549314403079,-0.001146190263905499,-0.001312285782151973,0.0009636829175481714,-0.002923754541857839,1
0.0205068592062615,-0.0007253843092532126,-0.00020647857982725,0.001215526485122174,-0.003703288344969048,1
0.01489402806112466,0.0005268512234848349,-0.002799406457510828,0.0004689953914132825,-0.0005390997072584992,1
0.01886274197019761,0.003876304123195413,-0.002805400331946994,-0.003499505354348841,-0.00314139854141759,1
0.02710193073861716,-0.00292053140095057,-0.0003554123736720875,-0.0005117460131198151,0.002677158503356786,1
0.02205127554881332,-0.0004924105809907195,0.002476184375544032,-0.002553334956939717,-0.007696359592264202,1
0.0175575841013661,0.0002641594621137482,0.0001759684418448097,-0.0009621156261069806,-0.00438290178907725,1
0.01473322477755891,0.001266527101705368,-0.001071397249078903,-0.0003404236021656995,-0.001736984894481056,1
0.008833103177587251,-0.001451132881203074,0.002224702635516617,-0.0007208956100312391,-0.001829445813257201,1
0.01426064577061084,-0.00464070354312369,-0.00244520483717962,0.001309329724456115,-0.0005778480037418633,1
0.02666223422079185,-0.0006741693023227825,-0.0021650139438083,0.0003146883217173553,-0.006812917669130275,1
0.02132850617504169,-0.006182940331438943,0.0009982688567480398,0.007281554225164422,0.002420503431323709,1
0.02420202419180537,0.0005276987874135016,-7.056834187218249e-05,-0.001417945790932897,-0.00485117247644125,1
0.02487979431135623,-0.001498910528251051,-0.001773892426129737,-0.001252624207487251,0.001623653761279455,1
0.01980030889753041,0.0084914757809338,0.012099264727848,0.001993829177764575,-0.003548472180445486,1
0.01829751494205289,0.001696891463666667,0.001215623167010646,-0.001987205557524429,0.003007006228039108,1
0.01399348132084715,-0.002968177852407701,-0.003845845919505851,-0.0008278890004249288,-0.0006573887913499392,1
0.01271707905611109,0.002261053411667211,-0.004263443946244858,0.001639953747476938,-0.001377357364773366,1
0.01593601088041487,0.003104699064440732,-0.00137366997436938,-0.001607194970744827,0.002397482940676424,1
0.01774789640449351,0.002603009771142965,0.001551038373178034,-0.001016984142766645,-0.00252950271003811,1
0.01257237479632349,-0.0003806269059433223,9.528060871978822e-05,-0.002452446734363135,0.0001662318519289851,1
0.02116923276728367,0.001905109583682823,-0.001319262529300276,-0.001221826580264475,-0.0006226287984984066,1
0.00932592897725733,0.005102498023061956,-0.001695322740389658,0.001372528674689759,-0.00198424721524,1
0.01534969648392515,-0.001604373622958348,-0.003474077724280806,0.0002424952961972205,4.608783529839327e-05,1
0.02003935745250338,-0.002363081780742458,0.001584052403998921,-0.004168528437247963,0.000478957823234199,1
0.01315379105310277,0.00235640311377666,-0.000972539364791517,-0.001248234228608939,0.002790357526821188,1
0.02231778895381747,-0.0009663469077246445,-0.00577424351962641,-0.0009898789023644536,-0.001267607397725365,1
0.01920329006574772,-0.004051014118849026,-0.001157836095423778,0.000565841891749916,-0.003304117644525759,1
0.001020802856572998,-0.004803993911855897,-0.001325146862287207,0.001552444655751898,-0.0009909976842021741,1
0.01822213565728149,-0.002825143259463484,0.004756386070292068,2.944906744165986e-05,0.008277303593416786,1
0.01484379601904836,0.001251377742474917,-0.004905618621378774,0.00290403106558555,-0.0002684672097557077,1
0.009669683498252056,-0.003058110961813925,-0.0003962953832286318,0.0002920459411666504,0.004112512664272744,1
0.01828062004321758,-0.002385989966649101,-0.0004453992126622369,0.0004866733394649137,-0.002939048390164812,1
0.01138497611987988,0.002225086407560942,-0.0003893091081235355,-0.001321493368300372,-0.0004218805284051766,1
-0.001707922033151281,0.001493605457225622,0.002973105197024038,-0.001672776763815735,-0.007756244011343109,1
0.01208728965890787,0.00497002631662022,-0.002073011069809667,-0.001097364767612665,0.004682533275531755,1
0.02597665804290065,0.002292389080843115,0.00127952299084504,-0.0009856135514173235,-0.004435198396643998,1
0.01393768074393437,-0.00304895104947517,0.001207568484203008,1.071802373230632e-05,0.0001856488919185519,1
0.02329023102602387,0.0003484755092853136,-0.0001301429202519651,-0.0003028435271850499,0.001626789800564355,1
0.01275269076759151,-0.0002765809967272027,0.0008727664517973015,0.00135463674270362,0.001534187173770944,1
0.006324650482374218,0.00185689148210833,0.004287335581879453,0.0009350977158614942,0.001383050770009094,1
0.01177238710940787,0.002296036319771008,-0.001688366094947014,-1.35087300612226e-05,7.360072687362742e-05,1
0.02230356960759836,-0.003660177453506687,0.002972491642107639,0.004580379688749732,0.00342257053841061,1
0.01222575111528695,-0.01028387676340274,0.002829664209845437,-0.002030102569966705,0.001999690981229874,1
0.01861952944450652,-0.001754367603691624,-0.0006669889346411512,-9.956926505056557e-05,-0.000213214224036147,1
0.01311762279089342,0.003649957270968083,-0.002118876954813251,0.000382623844597362,0.003999792286010677,1
0.01466185387957086,-0.0007262535609302207,-0.001678890966296581,0.001809011197039214,-0.001757352208608967,1
0.0004187410093540811,0.002207719883611867,0.00112017986595477,-0.001886809439810256,-0.0006240548763564686,1
0.01373183638631355,0.0002881884759812609,5.768516445527451e-05,-0.0009480946047358932,-0.001726960599166534,1
0.007023451487456959,-0.002461429684041085,0.002754630047404442,-0.0002954018342430606,-0.001323976633321847,1
0.0142589165562205,-8.152263354754656e-05,0.0001880561179218071,-0.0009262738185384827,-0.003147331925204721,1
0.01201075024398625,0.003999908598122865,-0.002300325270768501,-0.00230272000906959,-0.003184890977971392,1
0.00850097699772597,0.003459230338787195,-0.003289777850292467,-0.0008039191928480402,-0.00876434948671352,1
0.02056748619176496,0.003754844268913104,0.009883487550303192,0.00184270675071781,0.001263470042694184,1
0.00901434360580673,0.007970976093223212,-0.004293565936557464,-0.0009967738457675244,-0.000718532330304177,1
0.008241411846769561,0.004536146857513884,-0.008263639883626708,0.0004712279274414549,-0.003093393749217653,1
0.005762346901230643,-0.002373795388329912,0.00228104392156687,0.0001729988752759752,0.002101915416899756,1
0.02076648891642439,-0.002003865506221257,0.00181894687813522,-2.735882230484694e-05,-0.0003894391068952814,1
0.01677295565861247,0.002464814718549126,0.001453206766882262,0.001228846708553361,-0.005612837768238826,1
0.01147733495149636,0.002372336904530248,0.002317414294461543,-0.002073509336053976,-0.002065163067692916,1
0.01795912568400308,0.003041487325505423,-0.0002069989618372617,0.001057351853039994,-0.003236907403050032,1
0.01556032472408581,0.00111805329450207,-0.003431164921297535,0.002860490165638647,-0.001484555316661322,1
0.01598040988190802,-0.0007357019256275885,0.002705294108661596,-0.002729817487416157,-0.005603030728819347,1
0.02200124238623537,-0.0032078436961555,-0.0009201021591329931,0.002392587985536803,-1.33471059063665e-06,1
0.02492805858719267,-0.00636480315347901,0.0006324765730316995,0.000148744819266439,-0.002715100798913639,1
0.02248311585446593,-0.004461318796230948,0.0008790163913250819,0.004807543259132323,-0.001524050680712061,1
0.01272556102987554,0.001456711644453987,0.003039920585023813,-0.001977804901509757,0.001950769752851965,1
0.01126809347811848,0.001643272476461222,0.0004872031300246367,-0.0009406727667521844,0.001027425207969802,1
0.005245393626753934,-0.001953450354251037,0.0004953223334995682,0.002389728980259707,-0.0003170843804366455,1
0.01789697086501586,0.0003920730508908854,-0.001329429271368818,0.0001762276849194596,-0.001055740515223592,1
0.01641717370693856,-0.005912561855650584,0.0006853965810945373,-0.001054674434293358,0.0001324407393609796,1
0.01343279575438349,-0.0007010366820386915,-0.00170494526028915,0.0001577416922492517,0.002860426208628618,1
0.01369474020969671,-0.007050933120028423,0.001051703170482002,-0.0002811983353345265,0.001047084349426174,1
0.01696682923795599,-0.002619668283699568,-0.002135999670643193,-0.00181469651447761,-0.004268781549795075,1
0.01710842335008588,0.002018753574048605,-0.00136486338838914,0.002135963273574301,-0.006323299685235642,1
0.01673150302690741,0.001540174938726449,-0.0009153537518507369,0.0008505005001290479,0.004210701237896057,1
0.01020119665490197,-0.0008955017205993598,-0.0009295009888448038,0.0005830851868424406,0.002907079384500032,1
0.004295653130228659,-0.0005842522739325463,0.001037420621952303,-0.0004551424223980635,-0.005513911809262339,1
0.01098385623160053,0.00258894879928032,-0.001961199744634809,-0.003422323039242941,-0.004174782751389388,1
0.004786732143033761,-0.004761444284114676,0.0001840995873382914,0.001048280851131931,0.000228903737659427,1
0.006286707841537493,0.0004207020424898665,-0.00337719159645541,0.001914675139843855,0.00660004556670335,1
0.01600302394253613,-0.003483106436841819,-0.0003902988843930214,-7.824890607159595e-05,-0.003508606274570089,1
0.02872026663821722,0.004571990159873668,-0.001086293193039431,-0.001528208999149376,-0.0004121963793733243,1
-0.003441495538808924,-0.001908056871410613,-0.004730617703141845,0.002793110060991982,-0.0003312364559754937,1
0.01039824493272343,-0.0005047874074232514,-0.003214922194958778,0.001629570113864327,0.002753646669666373,1
0.008129579269513463,-0.003570791366816115,0.0007473395447383251,-0.0006993133733158221,0.003949736376859251,1
0.01162068894775488,0.007186950267270844,-0.004782781998283176,0.0006839853770120201,0.001690338428147449,1
0.01528324690564534,0.0005869481358767412,-0.0009944585623740797,-0.0002254174857731176,-0.002355183580480754,1
0.01271117527427378,0.001157514914332309,0.0007268953201937648,-0.0003074845698647863,0.001434236071233711,1
0.004732000351440296,0.001244389216044076,0.001448097373692149,0.0008546530792236157,0.001016578991798708,1
0.0164271244210378,-0.001404034407825586,0.002878117305683816,0.00115384633850229,-0.001711263795124223,1
0.004465406819134802,-0.003135794953468878,-0.0006180844666358468,0.002011919400273093,-0.001907743265295527,1
0.01046964398791331,0.0001985628131022238,-0.002530873487186961,0.004728685051033413,0.009899727627404939,1
0.02120073980107998,-0.000797235142229178,-6.32806658207453e-05,-0.002315853253853875,0.002071605625738585,1
0.01502876878891446,-0.001346643587478175,0.001976494789106891,-0.0003226802266944983,-0.0002548554570665452,1
0.006873427558270799,-0.003722772949004253,0.003094986067012531,-0.003651699549997066,0.001708119210588833,1
0.02382392778805813,-0.0007431929836028261,-0.00138752194362862,2.871114434476992e-05,6.397930493883431e-05,1
0.01669970735880936,0.0004636896654818048,1.400900914792867e-05,-0.0006682982107359646,0.003348742852414836,1
0.0218543929501036,0.005640389083947815,-0.001707515645300665,0.001185211953561991,-0.001854127606464351,1
0.007091037001758994,0.00112070855513919,0.002942860840119603,-0.001707840364595568,-0.002388477585863642,1
0.009522083845551171,0.004179736218487346,-0.003393194382503266,0.0003278819971013928,0.0003906036126980495,1
0.004217805639148149,0.002332035904102487,-0.001313560071448334,0.0004329139161575685,0.003759539650797375,1
0.008307215358939253,0.0007594683741700753,0.0004315965947282023,-0.002032857567638371,-0.002009648696590402,1
0.01535661754323584,0.002472664746847179,-0.0003716782796392318,-6.313279641466342e-05,-0.003316787224423802,1
0.009082748218756809,0.002735954300650905,-0.002057850323575193,0.003819865466770773,-0.0002791052704178829,1
0.01873880165566514,-0.001679472089299323,-0.0002087321222576815,-0.002046866816974041,-0.005710954151078032,1
0.02299215931787364,-0.005488595175191428,0.005808512588077578,-0.002360967032350236,-0.002488529159137452,1
0.004337950285026261,-0.002559863579444366,-0.002775217741997145,0.0009824238992987009,0.005421020230745395,1
0.007024997839914977,-0.003606784697114757,-0.001744963786469369,0.0008693227627489019,-0.007141903860524002,1
0.002517621386587579,-0.003563454957030227,-0.0001859357866009666,0.0007421155386111798,-0.001600962900759024,1
0.01582677210163836,0.002704427511894211,0.001882501725151554,0.001317077059600234,-0.0009461966146724216,1
0.007922287950388067,0.001834791193897281,-0.0005157065744480679,-0.0001745369368949592,0.004477922354395349,1
0.004493221343748403,0.004236459024159773,0.0015038692441112,-0.001312377329531439,0.004585935111945256,1
0.008382997153607812,-0.005814124652213681,0.0008200344431865771,0.0006675161933224296,-0.003504871249966285,1
0.001069548224241832,-0.0002138034228164225,-0.004247353637036905,-0.0004730412372094669,0.003844975105154559,1
0.004371614103400439,0.002672467785344646,0.001562119098713587,-0.001484072592286957,0.002711800976777591,1
0.008179546644133442,0.004439848376374297,-0.0002118316141156013,-0.0009234161398298832,0.004801401784539435,1
0.01054039566679411,0.002494906606498269,0.0008310399022976398,-0.001108126292317037,0.002141371486583424,1
0.01924508716747039,-0.001118534756772038,0.0003722839144518566,-2.670622267142886e-05,0.0004292117032867431,1
0.008652677546690832,0.004140543202567697,-0.001482315440881573,-0.001415668564487287,0.002538149169813553,1
0.01166985304387042,0.003095195756202078,-0.001300895031788413,0.001730495418780913,-0.001648449755963641,1
0.007127959503039727,-0.002138903208130503,0.002044941137539752,-0.0001319596137624838,0.001820509762556919,1
0.0006486652947028,0.00830008769677695,-0.0003800552128097167,-0.003110739572049187,-0.001834836506364985,1
0.003088535375458629,0.001868468679638347,-0.001576476056100511,0.0004061764936183376,0.001279006440141386,1
0.01606022238142442,0.001317298900370424,0.0008274941142771503,-4.410306641184714e-05,0.004168925388513479,1
0.001045640749358299,-0.003631353560315131,0.003156975912083911,0.002844588965542598,0.005231011120601662,1
0.01454551530407586,-0.005359883490392165,-0.001287580301471469,0.001716853888892761,0.002258582688655356,1
0.005236695352952514,0.0002839113052481119,-0.0005895093582961209,0.0007318563252933323,0.001389097236335265,1
0.004758731115388511,-0.006794459364443645,0.00328000141126528,-0.0001765533713277649,-0.0053259722688327,1
0.01093707923389946,0.004000248933234212,-0.0002582512543884957,-0.00104132397031743,0.0006152099897745788,1
0.02120694758999198,-0.0003701840604959919,0.0008133585812754975,-0.001252968697279709,0.0004801721294979589,1
0.01191279771999186,-0.003037356609907725,0.0005927411859551941,-0.0001852242565844783,0.001560091756196283,1
0.005545179356757647,-8.005107475427594e-06,-0.0007236063151998053,-0.0003736421359274738,-0.008440992298425388,1
0.01477720912108602,0.004048567693296589,-0.001503709238171672,-0.001713960243306193,-0.00197988509037565,1
0.0187850241072601,0.001602540239642971,-0.004659865079399341,0.000658364110933976,-0.001809680428433094,1
0.01796888348243296,0.001623057820549784,-0.003400800718690257,0.0003495183442370466,0.001842257232893895,1
0.003932230587004123,-0.004180542916649778,0.00217182284351438,-0.001508325329133182,-0.00241953899643954,1
0.008941886768495982,-0.0002748789087737256,3.461900706305202e-05,0.002807876039930295,-0.001950901646073895,1
0.01290163586958894,0.002378372781419689,0.001672724634858787,0.001015988487982722,-0.002233894080722454,1
0.003865424485302042,0.002335497812099949,0.00419371351913912,-0.0008723291765123838,-0.00210989373394926,1
0.009261105677086528,-0.005183488190149331,0.003805144406190324,0.004187904878424427,0.004930108176727835,1
0.007110101838615088,-0.004526098812863412,0.002319305935414076,-0.0009294859841061133,-0.001870992468145003,1
0.009318502188769664,-0.00277368588615986,-0.001226714660529957,0.001633141638553251,-0.002273016537996363,1
0.006182416862671351,0.001822545367290863,-0.002608918163993121,-0.002160028649824189,0.001337109777901587,1
0.005163211859389442,0.002709819395644949,0.001913175740407411,-0.0008714988261985892,-0.009297675205138387,1
0.01757086440484103,-0.000451352230803918,0.0009843822184396581,0.00161314179109336,0.003262604625097151,1
0.009293965247533658,0.004837589684270166,-0.003714622696030674,-0.001430839264263519,0.005020170637201125,1
0.004239690318595794,0.002180217205718179,0.0007108392391399205,-0.001906828937393419,-0.001143334027241398,1
0.003792202181983509,0.001189497497591895,-0.0007505421465728852,0.001621937835420798,0.002314807301156936,1
0.01148121255744008,-0.004439445432545626,-0.001823812884617713,0.001211574205281572,-0.003709609629359914,1
0.00935676641941131,-0.0003326570533659365,-0.001288727913846572,-0.002245781586599119,0.0002705459265353415,1
0.01078184602787153,-0.0006234713510831122,-0.000230900079382812,0.0003137819335522304,0.001296042967535902,1
0.02479445623910789,0.00882873007448812,0.01171184360262074,-0.001100337142611697,-0.005010943899780073,1
0.01571286546409573,0.01036353012197251,0.01094198907996991,0.002438296310489101,0.01070237456975266,1
0.01465274467443552,-0.002113635611081282,0.00168467944566098,-0.001114101265673442,-0.002371862232417992,1
0.01033084706611189,0.004274709610497631,-0.001385893557731607,0.0002703154601106355,0.009762451092611507,1
0.0008860948257704581,-0.0006527027530390246,-0.001272983932905893,1.351670724448334e-06,-0.003708496999238019,1
0.0153536032182391,-0.004055345587203722,-0.003415144538649046,0.002063282710897478,-0.004154430127974544,1
0.01198695991340721,0.003541643146119898,-0.0002880501196538526,-8.563280924422283e-05,-0.004481272513270994,1
0.005371470262298535,-0.001460061032686864,0.001875525310129972,-0.0009944303827198308,-0.002284936413377309,1
0.01390711031182635,-0.001772460692684324,0.001139504557140324,0.0004965067515197137,-5.730558673293579e-05,1
0.0127772725066865,0.001944249205821353,0.004010439626388741,-0.0006426504586924202,0.0002081481177318667,1
0.01052254805850677,0.0002189732177051071,-4.985397634350321e-05,-0.0002606838965693947,-0.0002169710149253337,1
0.01420257676088955,-0.004036732632472806,0.003157493874224918,-0.001257996328721613,0.000757410460466026,1
0.02327910034473657,0.003246816392736686,-0.002163285699071008,-0.001009124546905019,0.0003181686454554538,1
0.003769841008736174,0.005978594594389729,-0.00441931086861424,0.002466411651304156,0.00106935494142443,1
0.01914377278250338,0.001007199989359411,0.001308098816905748,-0.0009359869927174596,0.002295403504663628,1
0.02424217353268533,0.002819728108963345,-0.002019460760707662,-4.365727156156783e-05,-0.004043136742004572,1
0.005905641127448425,0.00178006470670909,-0.004037432682176661,0.003446039021091895,-0.00758552746139001,1
0.01433481448368739,-0.004529725282816878,-0.00153401160709484,0.003685087721720221,-0.002613880604734554,1
0.003119171227418531,-0.0003641137417182989,0.001685649005599405,-0.003102044532944985,0.006243354947840556,1
0.01587299572054252,-0.00176376337945289,-0.0003241874836026166,-0.001076502887203606,0.0004705757305367784,1
0.007221602016863548,-0.0001455835316139349,-0.0006050645823083023,0.001372513545482817,0.004528506775876915,1
0.01005038662618385,-0.0001279929334837766,-8.916525715791388e-05,-0.0001477945316950731,0.006221003771100604,1
0.01139941367600298,-0.004474361662193978,0.001127505528959231,-0.0008178918792364502,-0.00777028464451277,1
0.02006424378339003,-0.0006498088174867444,-0.001843836508737421,0.001076969257425176,-0.001059667892114456,1
0.005075349503862875,0.00245842721010835,0.003539279541313939,-0.001118055773521594,0.0006410175656742994,1
0.017766349371713,0.002534057169576222,0.003339881792974317,0.001543168795032288,0.003646494011572469,1
0.02498571189269158,0.009467971657620266,0.0128498952447953,-0.003177439105159181,0.004146879371411721,1
0.0224384222807473,-0.0006120220093756076,0.0003301361126569386,-0.0003718455246667448,-0.003535180256241195,1
-0.005939485804181706,-0.0008602169656443861,-0.004393087747444442,-0.002062708030720629,-0.0002874724422223739,1
-0.0002738657967708766,0.0005625697726661383,0.002550771381913195,-0.001260626090872602,-0.00488900550118156,1
0.007274267415316632,-0.0007288879318085107,-0.001927912711447953,-0.0004750141751902327,0.003417789677670444,1
0.01487109919373725,0.004162053285737356,-0.002098345472591696,-0.002069769167604194,-0.0006135239898319026,1
0.006485342051266317,-0.0001365963533270964,-0.0005656499000256886,-0.002381381691353159,0.0001710641029892397,1
0.02405978541562199,-0.001930985718349674,0.0003528667253485229,-0.001310090463670994,0.0009619464573201062,1
0.01813412442983459,0.002015031114922934,-0.0003893479136979484,0.0004619037069178147,0.002870215620277798,1
0.01928195962483982,-0.0009681564938888681,0.003371932191675966,-0.001377441455863937,0.001028642709371409,1
0.007443158164879463,-0.001984825637022961,0.002096960563825083,-0.002042258372553271,0.004737435376309749,1
0.02244183925160308,0.002851107716333155,-0.0002712858149435211,0.002223850268754487,0.002563716271565668,1
0.01786627299240266,-0.0002001260110888459,-0.0007491707304831496,8.777082463255347e-05,-0.0001594709105268979,1
0.003991931421571429,0.0002956803793255696,-0.00345637426482554,-0.0008743133965532072,0.004063058662092405,1
0.02322047027470098,-0.0008163050797023088,0.001488368684007316,-0.001386198583871934,0.002779167381334477,1
0.005464273954545637,0.001584994650007627,-0.001259370393488999,0.0006951165549125102,0.007436860000254416,1
0.01143187239718487,0.004372170468250369,0.0002270252007306397,-0.0002010823702270836,0.0008235196640965309,1
0.0263295391545587,-0.002149060153685896,0.002662531496271826,-0.0003959422665813141,-0.003672192572969138,1
0.0181578283439663,0.003185752942400703,-0.001382880705924382,0.005955159530099027,-0.001232191161317907,1
0.01404077573545245,-0.001021887927648551,-0.002817430749942261,-0.0007848842314480749,-0.01036183195441967,1
0.008941405763775636,0.003999258772414998,0.00251019251919863,0.002015232610470291,0.003989032331120598,1
0.003066460219559565,0.002045118089611752,-3.969554977914044e-05,0.0004046324713066861,0.0015729687460665,1
0.02191043630486278,0.002834282945651733,0.0004701815760974545,0.0001678196283899295,-0.007822345801032958,1
0.0253973362260317,0.002407858548364603,0.01089490267514157,-0.0004665434656350384,-0.004754744849424722,1
